{
    "anchorpoints": [],
    "portpins": [
        {
            "name": "1",
            "position": [
                -27.05,
                -30.0,
                4.3001000000000005
            ],
            "rotation": [
                0.0,
                0.0,
                -1.0,
                -0.0,
                1.0,
                0.0,
                1.0,
                0.0,
                0.0
            ]
        },
        {
            "name": "2",
            "position": [
                98.95,
                -30.0,
                4.3001000000000005
            ],
            "rotation": [
                0.0,
                0.0,
                -1.0,
                -0.0,
                1.0,
                0.0,
                1.0,
                0.0,
                0.0
            ]
        }
    ],
    "version": 7
}