{
    "anchorpoints": [],
    "portpins": [
        {
            "name": "1",
            "position": [
                0.0,
                -49.99999999999999,
                4.3001000000000005
            ],
            "rotation": [
                0.0,
                0.0,
                1.0,
                1.0,
                0.0,
                0.0,
                0.0,
                1.0,
                0.0
            ]
        }
    ],
    "version": 7
}