{
    "anchorpoints": [],
    "portpins": [
        {
            "name": "1",
            "position": [
                0.0,
                -40.95,
                3.3055000000000003
            ],
            "rotation": [
                0.0,
                0.0,
                1.0,
                1.0,
                0.0,
                0.0,
                0.0,
                1.0,
                0.0
            ]
        },
        {
            "name": "2",
            "position": [
                30.7,
                -40.95,
                3.3055000000000003
            ],
            "rotation": [
                0.0,
                0.0,
                1.0,
                1.0,
                0.0,
                0.0,
                0.0,
                1.0,
                0.0
            ]
        },
        {
            "name": "3",
            "position": [
                61.4,
                -40.95,
                3.3055000000000003
            ],
            "rotation": [
                0.0,
                0.0,
                1.0,
                1.0,
                0.0,
                0.0,
                0.0,
                1.0,
                0.0
            ]
        },
        {
            "name": "4",
            "position": [
                92.1,
                -40.95,
                3.3055000000000003
            ],
            "rotation": [
                0.0,
                0.0,
                1.0,
                1.0,
                0.0,
                0.0,
                0.0,
                1.0,
                0.0
            ]
        }
    ],
    "version": 7
}