{
    "anchorpoints": [],
    "portpins": [
        {
            "name": "1",
            "position": [
                -8.881784197001252e-16,
                -48.099999999999994,
                4.734800000000001
            ],
            "rotation": [
                0.0,
                0.0,
                1.0,
                1.0,
                0.0,
                0.0,
                0.0,
                1.0,
                0.0
            ]
        }
    ],
    "version": 7
}