{
    "anchorpoints": [],
    "portpins": [
        {
            "name": "1",
            "position": [
                33.35625,
                -26.15,
                5.625500000000001
            ],
            "rotation": [
                0.0,
                0.0,
                1.0,
                1.0,
                0.0,
                0.0,
                0.0,
                1.0,
                0.0
            ]
        }
    ],
    "version": 7
}